hip_disp,hip_disp_norm,hip_dx,hip_dy,hip_dx_norm,hip_dy_norm,nose_dx,nose_dy,speed_mean,speed_std,speed_max,speed_norm,traj_len,linearity,trunk_mean,trunk_std,trunk_rng,trunk_max,trunk_min,trunk_upright_ratio,trunk_above_40,trunk_above_60,ang_vel_mean,ang_vel_max,ang_vel_smooth_max,wrist_below_hip,wrist_extended,wrist_near_ground,wrist_above_head,nose_above_sh,vert_peaks,vert_autocorr,horiz_peaks,horiz_autocorr,vert_freq,horiz_freq,body_h_std,body_h_min_ratio,low_speed_ratio,active_ratio,wrist_symmetry,trunk_cross_30,trunk_cross_45,wrist_ank_norm,horiz_dom,vert_dom,hip_y_range_norm,body_aspect,nose_hip_norm,nose_below_hip,speed_cv,duration_s,n_frames,_label,_view,_file
85.13662769895159,0.24232210803850193,37.84706120128968,10.711849586192821,0.10772307878799915,0.030488851189833587,49.385609490037446,4.921415220471865,3.4739820949670044,3.819472849514418,36.87730344633519,0.009887902390462928,2146.9209346896087,0.039655222660195555,3.848192360693858,3.4651863861499885,14.572754403641103,14.577541544529597,0.004787140888493487,1.0,0.0,0.0,0.5409123809980597,4.327315309792405,2.6869251939647576,0.08077544426494346,0.17932148626817448,0.0,0.0,1.0,27.0,0.0,9.0,0.8137095643408977,0.8719589194034862,0.29065297313449545,0.035861109849939427,0.9208567866000579,0.49514563106796117,1.0,0.04070065501025054,0.0,0.0,0.7776185454374163,0.6449114651674478,0.3550885348319452,0.11897036619892537,0.6045625207002401,0.6019094777356457,0.0,1.0994509281016274,30.964761526232113,619.0,spin_in_place,front,dataset/1.原地旋转/front/subject_01/IMG_1262.MOV
29.786842350810016,0.07976360338855225,28.93109631823477,8.527670212713799,0.07747207525879052,0.022835508935937193,35.59759410407091,3.1493728800807,3.7243821603259497,3.945747225519994,36.34411729416283,0.009973200180299072,1899.4349017662344,0.015681949575166814,1.9462688038794338,1.3648945439708644,7.702841288752379,7.710177158703356,0.007335869950977045,1.0,0.0,0.0,0.6421258659643277,4.010878948510188,2.487071726097029,0.0,0.3111545988258317,0.0,0.0,1.0,17.0,0.0,10.0,0.3948023564860796,0.6650708847439227,0.39121816749642513,0.037444256695271384,0.9306927844743565,0.4176470588235294,1.0,0.04037932376151648,0.0,0.0,0.7323036139494906,0.7247516025224515,0.27524839747688234,0.11323052909555127,0.5942030462186944,0.5819395346294068,0.0,1.0594367186476652,25.561185115697313,511.0,spin_in_place,front,dataset/1.原地旋转/front/subject_02/IMG_1263.MOV
543.9735754119082,1.5874823155141724,83.37345859759033,10.30816407721797,0.24330941260649755,0.03008239539137689,94.51563626901458,7.807013157353126,4.061965405981321,5.4507991472242585,35.72359324457476,0.011854065233486583,2701.2069949775787,0.20138166990657577,4.090080265634399,2.639392949187831,18.26168048390387,18.285151326923938,0.023470843020068712,1.0,0.0,0.0,0.5767873930606258,7.265913646186399,3.244852973592787,0.15465465465465467,0.37237237237237236,0.0,0.0,1.0,20.0,0.0,3.0,-0.10067390756679008,0.6003125427585859,0.09004688141378787,0.030281300371512398,0.8998499789333889,0.49473684210526314,1.0,0.045135342872889325,0.0,0.0,0.7235639965480966,0.779367094317651,0.22063290568202354,0.18349269821367406,0.2410613582608487,0.5975282579287773,0.0,1.341911756751728,33.31597888675624,666.0,spin_in_place,side,dataset/1.原地旋转/side/subject_01/IMG_2578.MOV
735.5974336060262,2.2803538952253493,70.77991394076335,7.149738134705639,0.2194179113259109,0.022164206209084384,91.13446221141939,5.6361168544772005,3.865216481490702,6.171702464832091,71.79155543226327,0.011982180818995634,2891.181928155045,0.25442793012871184,3.567107175327369,3.297296546492982,30.396065024044333,30.404906848124295,0.008841824079962441,0.9959946595460614,0.0,0.0,0.7130171436878628,11.107540893909494,5.498378906428498,0.020026702269692925,0.57543391188251,0.0,0.0,1.0,22.0,0.21533376160177986,0.0,0.04654857438001311,0.5871696005357366,0.0,0.027684007866397183,0.8344111631619061,0.42513368983957217,1.0,0.051787836599938485,2.0,0.0,0.6919101688586162,0.859725581230223,0.14027441876952498,0.1752516528782942,0.30102532815481803,0.5812251289760254,0.0,1.5967287934373486,37.46787977430556,749.0,spin_in_place,side,dataset/1.原地旋转/side/subject_02/IMG_2579.MOV
771.7417209261888,2.032876169962455,298.03933781693064,27.395826214201485,0.7850775086155745,0.07216445704198164,273.68225555040175,85.37244584990452,20.87614210205905,63.674955638053454,396.194644587011,0.0549906926751271,2588.641620655322,0.29812613486868844,35.64450104555265,20.2434564059025,98.62913668402085,98.94386079472177,0.3147241107009252,0.248,0.52,0.088,3.6196039037832177,64.16136756806571,41.9564982287863,0.904,1.0,0.016,0.0,0.992,2.0,-0.05240597176838012,1.0,0.0,0.31983032873807005,0.15991516436903502,0.1850664637101561,0.054511468132400744,0.06451612903225806,1.0,0.08136230276790866,1.0,9.0,0.5740418948773216,0.9023335687943302,0.09766643120565179,0.37700043512809595,0.11127275342941244,0.45082893189991585,0.016,3.0501303974775964,6.253315649867373,125.0,wheelbarrow_walk,front,dataset/2.小推车/front/subject_01/IMG_1284.MOV
728.3043258979015,1.8562558734901824,323.5320403684199,17.965219545014286,0.8245979446239516,0.045788612140755476,309.72637759363596,65.44233858281376,7.437862582956338,5.012185144078079,28.60771953300031,0.018957152408512618,1487.5725165912677,0.48959248559309987,45.739718826381576,16.946361298006856,75.9256427439866,76.65744622607185,0.731803482085256,0.0945273631840796,0.7711442786069652,0.22388059701492538,1.6135624039118637,14.263841947668809,8.875059519283377,0.945273631840796,1.0,0.0,0.0,0.9154228855721394,7.0,0.07468724420646082,0.0,0.0,0.6961722035781772,0.0,0.11984418326079226,0.6435163168601268,0.105,1.0,0.07800081118775173,1.0,17.0,0.5011614394277067,0.7377009291589474,0.26229907084043097,0.21163069515846245,0.06496874944925139,0.35710732499781117,0.0,0.6738743935421209,10.05498347107438,201.0,wheelbarrow_walk,front,dataset/2.小推车/front/subject_02/IMG_1285.MOV
15.565966833540445,0.046327400057971986,37.90728833477866,130.8101387157091,0.11281959743189009,0.38931687910728446,68.54823791633102,163.22391362214483,38.13002248506096,79.23801210860738,336.1365515266564,0.11348249837450719,5872.023462699388,0.0026508693182885753,12.96931931217478,31.053002677295932,179.92628247321878,179.93350224820875,0.007219774989964074,0.8903225806451613,0.07096774193548387,0.04516129032258064,7.016212811972622,138.4690519228036,76.20586097704377,0.8129032258064516,0.9548387096774194,0.13548387096774195,0.025806451612903226,0.9548387096774194,7.0,0.2231896855192225,5.0,0.0,0.9028391515687141,0.6448851082633672,0.2969219762371194,0.35136139624495377,0.14935064935064934,1.0,0.0853818712090842,10.0,8.0,0.5500536055725656,0.1982672936676846,0.801732706332307,1.3097803636660796,0.4234496940231647,0.5455124649929107,0.04516129032258064,2.0781003241965355,7.753319057815846,155.0,wheelbarrow_walk,side,dataset/2.小推车/side/subject_01/IMG_2600.MOV
147.69344034238003,0.514281265900071,15.465051202076031,102.3667015538869,0.053850638802750435,0.3564496618069596,18.339443130741742,112.74956114312103,18.399360540052967,46.183733473366466,357.178833857975,0.06406815636736876,4103.057400431811,0.03599594788189816,4.603474647949696,3.7009422917200685,23.59549750771711,23.642582880530277,0.047085372813167055,1.0,0.0,0.0,1.5608608852384265,19.375974268855526,12.97766541544319,0.9508928571428571,0.9821428571428571,0.14285714285714285,0.0,0.9464285714285714,7.0,0.3499549060165688,7.0,0.09008186376386661,0.6247243863001617,0.6247243863001617,0.2909594397544445,0.3473255426213035,0.16143497757847533,1.0,0.06525623365599918,0.0,0.0,0.47170310642020724,0.025582363711285125,0.9744176362886967,1.5433074354772465,0.49021996738624984,0.4827108825054912,0.0,2.510072746698445,11.204941176470589,224.0,wheelbarrow_walk,side,dataset/2.小推车/side/subject_02/IMG_2601.MOV
28.879893098575295,0.08439392094827738,12.17792796025038,49.472309485812076,0.03558680380440494,0.14456986255535367,15.116949138929582,66.22759409972944,14.533225308311941,13.223699325155554,47.32628976605626,0.04246954320802831,3618.7731017696733,0.007980575815723921,2.4905113678354773,1.603043913123182,10.454589404470822,10.547778525961002,0.09318912149017972,1.0,0.0,0.0,0.6134248512442226,5.283456476751429,2.942626480826437,0.272,0.932,0.0,0.0,1.0,11.0,0.8593212038751115,5.0,0.08089493783417041,0.8796486090775989,0.399840276853454,0.12791481957168366,0.6294998980269967,0.26506024096385544,1.0,0.021394457405334775,0.0,0.0,0.5795232899421784,0.010368424297386719,0.9896315757025093,0.556356819618884,0.5098038653892958,0.569765363659873,0.0,0.9098943307851713,12.504993342210385,250.0,jump_in_place,front,dataset/3.原地纵跳/front/subject_01/IMG_1276.MOV
91.05302101610474,0.2503837434370326,24.658510940210547,51.03245174353187,0.06780763787838424,0.14033248058903192,28.32385455594179,51.59857847266974,12.53265891281247,11.510106314153697,43.470946528981386,0.034463151456056114,3095.5667514646802,0.029414006650970333,1.6503010024577227,1.1396123476742543,4.84388803299272,4.853220274413334,0.009332241420614023,1.0,0.0,0.0,0.5804348832312854,2.614540478126096,1.9692713862409637,0.31451612903225806,1.0,0.0,0.0,1.0,10.0,0.8272071957238585,2.0,0.0,0.806127432970396,0.1612254865940792,0.1413944616101281,0.7257417951589717,0.1862348178137652,1.0,0.02874920551865031,0.0,0.0,0.5907617088739873,0.030695073511761383,0.9693049264880989,0.49569852763490285,0.4736116564675384,0.6337986539592887,0.0,0.9184089653315721,12.404986595174261,248.0,jump_in_place,front,dataset/3.原地纵跳/front/subject_02/IMG_1273.MOV
197.98020826260716,0.7011450579268856,65.88761584925821,27.38515921566153,0.23334037597341895,0.09698428551571793,56.4329969559773,40.9873842060508,6.855670437797552,20.95691763042634,156.93918092635528,0.024279292806184374,2735.4125046812233,0.07237672852770671,4.2891383009261235,1.9496390831112784,10.322198085506166,10.328455618612297,0.006257533106131145,1.0,0.0,0.0,0.4202616788295264,9.189426211872265,6.278874469978619,0.1,0.5225,0.0,0.0,1.0,7.0,0.0,8.0,0.0,0.34982537834691496,0.3998004323964743,0.09931839137060187,0.7030396101344506,0.8070175438596491,1.0,0.05638909845258889,0.0,0.0,0.6502451165692168,0.8151601316097876,0.18483986839016076,0.28103081500087507,0.27970180819815177,0.5341184688040671,0.0,3.056873545775373,20.009983361064894,400.0,jump_in_place,side,dataset/3.原地纵跳/side/subject_01/IMG_2592.MOV
150.66995971439084,0.5341916098648414,54.929443558577624,19.043510557065567,0.19474915861900186,0.06751766298498135,51.61291041088161,30.779899314924386,1.8985150845482583,9.02642425483703,118.8347975364336,0.006731075200988812,520.1931331662228,0.2896423464825817,6.093384613727527,2.5791060247088873,11.48652312594818,11.504986169529968,0.018463043581786954,1.0,0.0,0.0,0.3852407581027507,6.957042141464793,2.869121083925057,0.10909090909090909,0.9745454545454545,0.0,0.0,1.0,1.0,-0.04896026945232625,1.0,0.0,0.07269211330125035,0.07269211330125035,0.07994227669194902,0.6717850956380902,0.8905109489051095,1.0,0.020324649012094298,0.0,0.0,0.5861284350331116,0.8508595921970743,0.14914040780249677,0.2276555082756449,0.34466090068421706,0.5381586942178129,0.0,4.754465361248456,13.75665054413543,275.0,jump_in_place,side,dataset/3.原地纵跳/side/subject_02/IMG_2589.MOV
44.44759900452118,0.13712236613459533,227.0903135803314,14.340301023530118,0.7005813997110354,0.044240320095328224,171.96148961066885,51.715204771476735,38.45953395153838,126.37230248146433,591.0932025585499,0.11864898023698227,2846.0055124138403,0.015617537917845752,27.186242714648948,21.79789972070572,74.49446550300064,74.57688151402391,0.08241601102326666,0.41333333333333333,0.3333333333333333,0.05333333333333334,3.2959569656028878,32.725584725776066,20.44497439212907,0.06666666666666667,0.72,0.0,0.05333333333333334,0.96,5.0,-0.03011186779646667,1.0,0.0,1.3326374391092555,0.2665274878218511,0.2811957701390566,0.1164564660655494,0.10810810810810811,1.0,0.2600007607059956,4.0,6.0,0.7533027618908754,0.996988436405471,0.003011563594521312,0.1694155306116297,0.41966585575840715,0.649570484025051,0.0,3.285851113220547,3.7519582245430807,75.0,forward_roll,front,dataset/4.前滚翻/front/subject_01/IMG_1314.MOV
548.0715492000436,4.111928259451127,207.02073840501305,65.18388278797856,1.5531811964742372,0.4890446331101357,164.75875814317288,56.4632102956785,14.358912440325298,19.560375325074915,119.87543192549221,0.1077283028548661,1019.4827832630962,0.5375976506889216,43.26630579624087,40.9271788491972,132.87165229045888,133.27859169056646,0.406939400107576,0.5277777777777778,0.4444444444444444,0.375,6.308727011558281,71.93514969724771,53.967359798362125,0.4305555555555556,0.8055555555555556,0.3611111111111111,0.1388888888888889,0.75,0.0,0.0,1.0,0.0,0.0,0.2776606213974413,0.3250669915848332,0.04043696428938572,0.014084507042253521,1.0,0.4588188733473051,1.0,2.0,0.7973957945538537,0.5565063989247104,0.4434936010750505,1.4231525499963964,0.47938038115559356,0.8557372671515803,0.25,1.3622462977432372,3.601518987341772,72.0,forward_roll,front,dataset/4.前滚翻/front/subject_02/IMG_1320.MOV
30.221982198061518,0.20175571920430938,194.46761323066326,26.703715516498193,1.2982256726964296,0.1782684965582416,204.6386091764396,44.59858465862985,86.43933363956745,165.96867138429337,801.3175739654956,0.5770511613599848,9421.887366712852,0.00320763569142575,17.853342280872592,15.454230448290433,53.05001318861799,53.352105120080424,0.3020919314624385,0.6545454545454545,0.11818181818181818,0.0,7.258427622734306,51.30607317058386,29.302678674355306,0.39090909090909093,0.9636363636363636,0.07272727272727272,0.0,0.9545454545454546,7.0,-0.05911279238978802,10.0,0.00450251700362146,1.2719587176108915,1.8170838823012734,0.41840940298866164,0.5404491817880291,0.09174311926605505,1.0,0.2642859129700471,19.0,4.0,0.6862895711659255,0.9803689188454011,0.01963108115459637,1.2901647759748922,0.7145402798464722,0.8221352026962732,0.0,1.9200595883483411,5.50332326283988,110.0,forward_roll,side,dataset/4.前滚翻/side/subject_01/IMG_2627.MOV
762.7645604934487,2.949204310115622,390.43516144595463,106.32722875254059,1.5096048251274097,0.41111076413510916,396.29854710480953,142.4981220312637,25.089711710027142,132.82991712779443,910.6467891908691,0.09700855250393607,3336.93165743361,0.2285826138495389,8.855058910419663,26.859641380866616,166.4289573070601,166.43313040583348,0.0041730987733721945,0.9626865671641791,0.03731343283582089,0.03731343283582089,3.750076303282081,150.30625699069122,63.32910288770546,0.1791044776119403,0.5671641791044776,0.11940298507462686,0.014925373134328358,0.8805970149253731,2.0,0.23886615960701635,1.0,0.4152361205298144,0.29836996500684054,0.14918498250342027,0.27582610633106225,0.09136039580907677,0.48120300751879697,1.0,0.14555204469996488,2.0,2.0,0.5528193621349312,0.9203659265291787,0.07963407347081722,1.2539512616714654,0.43341479264759963,0.49830138480619723,0.05970149253731343,5.294198618542387,6.703087557603686,134.0,forward_roll,side,dataset/4.前滚翻/side/subject_02/IMG_2635.MOV
196.0714384861757,1.3370463877944179,33.61172517300252,11.907690708919814,0.22920439650505398,0.0812006836500918,38.553229878327436,49.91496184310229,7.355063819752565,21.838888852272706,285.2576117086183,0.050155502444028555,1309.2013599159566,0.14976415736289977,47.276201235766315,13.048677348252152,69.68205266261316,81.07213829608833,11.39008563347516,0.0223463687150838,0.8156424581005587,0.1340782122905028,1.7854646046063385,38.54439868051877,18.84018603439154,0.8715083798882681,0.9106145251396648,0.1452513966480447,0.0,1.0,9.0,0.17054790752463794,0.0,0.07817118679533076,1.005038389420905,0.0,0.3652513177231221,0.2252851556574716,0.25842696629213485,1.0,0.15040164758491845,2.0,28.0,2.513003693320229,0.9341254599108536,0.06587454008904067,0.31939682887649185,0.09523715547857427,1.0577215054820686,0.0,2.969231723582119,8.954881818181818,179.0,head_up_prone,front,dataset/5.超人飞/front/subject_01/IMG_1323.MOV
11.984281719999846,0.09491506931293527,16.945341904439836,7.766554527180556,0.13420648303912822,0.061510825470651835,72.78886713943177,48.17855739213902,6.678180486222331,7.401139102868369,52.41120666556703,0.05289094319906329,2183.765018994702,0.005487898934069755,50.396738676328354,17.265363367675597,52.07298391922937,83.88842641728127,31.81544249805189,0.0,0.5701219512195121,0.2652439024390244,1.2949439047532834,17.795870233232506,10.408462302889172,0.3932926829268293,0.8475609756097561,0.23780487804878048,0.0,0.9878048780487805,18.0,0.38356640025610833,7.0,0.2788209007645761,1.097004120726139,0.42661271361572073,0.296796125483477,0.20707000759467312,0.2324159021406728,1.0,0.22566832512805549,0.0,18.0,3.147886442652614,0.5843027123228112,0.415697287676881,0.31095909909890235,0.1870834426113576,1.0877425637728309,0.0,1.1082568234049672,16.408324873096443,328.0,head_up_prone,front,dataset/5.超人飞/front/subject_02/IMG_1322.MOV
476.02756021974244,1.5668859526977146,180.72660282854628,84.5584271273134,0.5948772695431929,0.2783313881802127,254.09795247941008,131.76487970854038,15.892727867965508,77.83569907647752,536.019114197202,0.05231229056331827,3814.254688311722,0.1248022481766794,19.304296447830684,24.57421653441386,74.37640336142378,74.47334407969554,0.09694071827175674,0.7759336099585062,0.2157676348547718,0.18672199170124482,2.428016425712903,64.86194426659765,37.477389359789825,0.26556016597510373,0.8755186721991701,0.1950207468879668,0.0,0.983402489626556,3.0,0.0,3.0,0.09355228830063123,0.24885953700897645,0.24885953700897645,0.2842070626407599,0.22341704521404185,0.5,1.0,0.08521237141377011,7.0,9.0,0.6728625228640404,0.9250112511453146,0.07498874885467881,0.7929815714383093,0.43171856783797913,0.4632102525072072,0.0,4.897566967367063,12.054993093922652,241.0,head_up_prone,side,dataset/5.超人飞/side/subject_01/IMG_2638.MOV
33.962394151226626,0.11949534352753133,48.725237217576854,23.84908507515391,0.17143782425493437,0.08391206465548626,49.504132797222134,35.10770587741885,8.914875143247459,68.41089965222915,877.6142672458342,0.03136663637445389,3084.546799563621,0.011010497281490875,2.1460528978408013,2.2554362207678382,8.206717975207873,8.212226972338165,0.005508997130291985,1.0,0.0,0.0,0.2658313106383448,3.8985689798668437,3.179629930085211,0.043227665706051875,0.8097982708933718,0.002881844380403458,0.0,1.0,2.0,0.24618594634954044,0.0,0.12920075400276518,0.11521848803378049,0.0,0.08404009474987152,0.39393357615853386,0.8815028901734104,1.0,0.08443576637776212,0.0,0.0,0.6440376768001101,0.8787053621831866,0.12129463781680731,1.230315712210893,0.37388338853758,0.5776241345261152,0.0,7.673792226614505,17.358325335892513,347.0,head_up_prone,side,dataset/5.超人飞/side/subject_02/IMG_2637.MOV
1555.7741542846913,4.021540055516533,420.6640426326247,18.870132457158327,1.0873797412712687,0.0487776412279171,408.7439211567485,19.954691989193506,18.663040279403855,26.282207991811635,83.2887894078762,0.048242326069396116,1716.9997057051546,0.9061004198866478,5.609773939206058,4.318709714858766,23.56590338148211,23.694409811376648,0.12850642989453984,1.0,0.0,0.0,1.0877334532521956,9.417638468045743,4.663281240217634,0.26881720430107525,0.956989247311828,0.0,0.0,1.0,4.0,0.45134744917402797,0.0,0.0,0.8597540596295912,0.0,0.043139874789307704,0.8196741123104887,0.5217391304347826,1.0,0.06682511697363322,0.0,0.0,0.5925470216968836,0.9260203394749366,0.07397966052495883,0.2455247203493187,0.14793772736968872,0.5910810182148065,0.0,1.4082490089641848,4.652493297587132,93.0,run_straight,front,dataset/6.直线加速跑/front/subject_01/IMG_1297.MOV
1649.5194535106532,4.629076899627887,466.25965543419625,14.03816810836655,1.308473080208482,0.03939557036761727,470.93601314378486,9.466021872867032,19.697944923005792,21.95410557809847,68.66490013474495,0.055278706546421245,1772.8150430705214,0.9304520852066328,5.187448453219689,3.218404499996763,15.05116286410058,15.120622594145491,0.0694597300449109,1.0,0.0,0.0,1.1364902386169087,6.579120750267152,3.9170174670544906,0.2857142857142857,1.0,0.0,0.0,1.0,3.0,0.06684109384084735,0.0,0.0,0.6589775862903617,0.0,0.02760989662751768,0.9141902698735305,0.3,1.0,0.06671155639649816,0.0,0.0,0.5923965343099282,0.9680934528609185,0.03190654713895382,0.17504599833637255,0.13373136206177202,0.5382146277309144,0.0,1.1145378694460792,4.552506887052341,91.0,run_straight,front,dataset/6.直线加速跑/front/subject_02/IMG_1298.MOV
700.7237110525118,1.4653123320631742,187.92520868041768,109.31837740973276,0.392978175908087,0.22860018008954391,194.11772521051284,35.76509862833953,36.6969465370174,148.07436991559982,720.725812804027,0.07673850258183275,5541.238927089627,0.12645614460456883,2.3623755522128924,2.0984661056219998,9.59552456984928,9.607763183674132,0.012238613824853127,1.0,0.0,0.0,0.645047437392042,8.152682484026336,5.422483976023628,0.29605263157894735,0.6118421052631579,0.0,0.0,1.0,2.0,-0.249881126919889,3.0,0.1364511242103128,0.2630430287854075,0.3945645431781112,0.266823468296138,0.316164070224417,0.5033112582781457,1.0,0.021864132609756688,0.0,0.0,0.47052023873090265,0.9322196546764039,0.06778034532359332,0.6624096121910416,0.30764934274906913,0.5010869477364823,0.0,4.0350596942958665,7.603318777292576,152.0,run_straight,side,dataset/6.直线加速跑/side/subject_01/IMG_2612.MOV
816.5274298514804,2.8264856253724715,275.30394593830397,126.11249511837256,0.9529902087238807,0.4365501287528972,283.03663702752897,45.7933281415432,10.818967442110374,76.41036611302681,935.5024001508195,0.03745086183088783,1601.2071814323353,0.509944896150833,2.1988806281317763,1.371709357707902,7.029501952978576,7.057323115846553,0.02782116286797692,1.0,0.0,0.0,0.6421622483881975,3.455864378784552,2.506011875963363,0.0,0.5570469798657718,0.0,0.0,1.0,0.0,0.14109452030046987,0.0,0.0,0.0,0.0,0.5022863786753664,0.5524380419243804,0.3918918918918919,1.0,0.0437686605753506,0.0,0.0,0.7529610826295836,0.8564324281972077,0.14356757180278099,1.2398987044161836,0.5821892262501159,0.6906994137009098,0.0,7.062630186406746,7.453281938325992,149.0,run_straight,side,dataset/6.直线加速跑/side/subject_02/IMG_2613.MOV
16.056068777961947,0.04465960225761004,16.808772758649262,3.9465146524127284,0.04675323182908739,0.010977143727890444,21.470046850251304,4.652226778575233,3.254033048572151,4.210032851689075,33.28866056368813,0.00905102137341473,634.5364444715694,0.02530361954439536,1.5776469007370717,0.8217622075338548,4.523465677933602,4.53109585239483,0.007630174461227725,1.0,0.0,0.0,0.4137648269951928,2.551523243731806,1.7703918560892937,0.0,0.05102040816326531,0.0,0.0,1.0,11.0,0.11906896297714946,3.0,0.5275485621777516,1.1224489795918366,0.3061224489795918,0.023121068434821094,0.9529706291852769,0.5641025641025641,1.0,0.04999578888740928,0.0,0.0,0.7985367602260172,0.6517353778878564,0.3482646221103323,0.07713864956345642,0.9235613937548941,0.6182390398599827,0.0,1.293789207395579,9.8,196.0,spin_in_place,unknown,dataset/1.原地旋转5-10圈/10s.mp4
35.346661722637386,0.09839200227283915,25.59930256009425,12.673111063999752,0.07125896797384897,0.035277242937327286,36.46181720385581,4.752956717519875,4.567781452540332,4.0640015368715785,35.55899632567669,0.01271501016381262,2060.06943509569,0.01715799531824787,2.034217770886357,1.3274682864923855,6.739928269680584,6.7420770549551605,0.002148785274576524,1.0,0.0,0.0,0.6253511842523866,4.167350413868166,2.6047362310496984,0.11946902654867257,0.46238938053097345,0.0,0.0022123893805309734,1.0,19.0,-0.058859419179736576,10.0,0.5848571095568008,0.8403008984226032,0.44226363074873853,0.03644307436215328,0.9115909301581392,0.3303769401330377,1.0,0.0681366190428065,0.0,0.0,0.7571506924835258,0.46762783823065124,0.5323721617687556,0.16360932262201164,0.4642176237807698,0.5938636699215989,0.0,0.8897101514597021,22.610948096885814,452.0,spin_in_place,unknown,dataset/1.原地旋转5-10圈/IMG_1264.MOV
54.73368691774996,0.17927635398733563,28.84018852626025,7.7011654200827975,0.0944640154620864,0.02522462738606516,38.08859954667665,10.942530312081644,4.542636988993032,3.67454173916931,20.63463372785494,0.01487908896213195,2139.5820218157182,0.02558148571060678,3.006079525517091,2.4209571512843446,12.115426303788201,12.120729194108636,0.005302890320434013,1.0,0.0,0.0,0.8274704757859133,6.219640857670923,3.5426160654951415,0.0,0.2097457627118644,0.0,0.0,1.0,20.0,0.34418787049621424,7.0,0.43885124494473865,0.8470618038458189,0.2964716313460366,0.02373191900971068,0.9406433288647129,0.28450106157112526,1.0,0.06440145006624225,0.0,0.0,0.7864812586076118,0.6246515419568421,0.3753484580425359,0.14238204158733844,0.6376593039894212,0.6044823388737736,0.0,0.8089005879148712,23.61102803738318,472.0,spin_in_place,unknown,dataset/1.原地旋转5-10圈/IMG_1265.MOV
26.530014129002176,0.07942692365474067,22.452266468606673,9.000417282657954,0.06721875254217924,0.026945913141787278,29.509231085906052,5.721507669241991,4.9084017197084835,4.746551427257992,28.422697818709246,0.014695026047192935,1879.9178586483492,0.014112326241784368,2.2556480003069272,1.6950069181163745,7.084921908784708,7.102540983102707,0.017619074317998917,1.0,0.0,0.0,0.7071882997076623,5.980235952534182,3.0965914341667635,0.013020833333333334,0.328125,0.0,0.0,1.0,15.0,0.5445600657274886,9.0,0.48878646526656117,0.7809210526315788,0.46855263157894733,0.02545248242014318,0.9521750763310162,0.3629242819843342,1.0,0.07681626777158093,0.0,0.0,0.7568748293081035,0.5698836140493678,0.4301163859500721,0.14738688737718572,0.5932295939296441,0.5982551534951738,0.0,0.9670258647594226,19.20808761583825,384.0,spin_in_place,unknown,dataset/1.原地旋转5-10圈/IMG_1266.MOV
484.21828987080715,1.3556939950406464,150.98387058798326,59.412769147663255,0.4227182883957877,0.16634137133422483,157.6142149179467,53.526028382174054,16.120880388376175,11.891521207196433,42.29609090674242,0.04513456264347463,3885.132173598658,0.12463367222389585,3.347371931070221,2.3240081916317474,9.862270231193657,9.967791874987677,0.10552164379402054,1.0,0.0,0.0,0.7278342343370975,4.116834154610622,2.144942264442424,0.6859504132231405,1.0,0.0,0.0,1.0,11.0,0.8105191264801663,0.0,0.0,0.9087159231528817,0.0,0.1664633300701942,0.7243127891949797,0.07468879668049792,1.0,0.038049403622402306,0.0,0.0,0.558537677541124,0.10192528181417398,0.8980747181857226,0.6391703461300324,0.33672381656304173,0.640968697195707,0.0,0.7376471329936944,12.104993122420908,242.0,jump_in_place,unknown,dataset/2.原地向上跳跃/IMG_1274.MOV
30.631532325216547,0.09887877335770906,10.008210159048877,34.07798909835361,0.032306563495625565,0.11000395686273477,12.265004831267392,36.098355553788046,11.216592196962708,10.611323445915893,43.2360038185545,0.03620722809143643,2938.7471556042296,0.0104233303184324,1.7442122639703928,1.2991472501282757,4.649062828834266,4.6725333821391155,0.023470553304849543,1.0,0.0,0.0,0.5327241184862276,2.120417227040889,1.3016531558856221,0.026615969581749048,0.9961977186311787,0.0,0.0,1.0,15.0,-0.27724758974768215,3.0,0.24435992617102448,1.1401064099315936,0.22802128198631874,0.06610706230946031,0.762231757179844,0.25572519083969464,1.0,0.03381582807371653,0.0,0.0,0.5861052933791143,0.018022437920404796,0.9819775620794352,0.4447965443798874,0.4030685114626621,0.6416834781227232,0.0,0.9460380880503889,13.156666666666666,263.0,jump_in_place,unknown,dataset/2.原地向上跳跃/IMG_1275.MOV
603.0795260958073,1.8183535414902599,95.12020993028734,59.205343769491364,0.28679827967921695,0.1785108627635624,116.36859940590335,51.43279020697733,14.036723715917294,12.02673386971782,52.17760092771594,0.04232232263793306,4351.384351934361,0.13859486483369707,2.0751303994399035,1.9722660760981623,11.909425869049892,11.940794605825634,0.031368736775740626,1.0,0.0,0.0,0.6243452116279818,5.2780538411584486,3.5597410543108037,0.0932475884244373,0.9742765273311897,0.0,0.0,1.0,11.0,0.5662785332419769,0.0,-0.019016916167959547,0.7070926749768752,0.0,0.16924696650739587,0.686651550589653,0.11612903225806452,1.0,0.03470234723890509,0.0,0.0,0.6213428902243671,0.11702654600741082,0.8829734539924948,0.902044587370163,0.500623692356263,0.6306302936535022,0.0,0.8568049143484783,15.556659528907923,311.0,jump_in_place,unknown,dataset/2.原地向上跳跃/IMG_1277.MOV
841.8347304037347,2.680131276707939,176.39870034969792,50.046761781872014,0.5615967801080396,0.1593328080978775,188.08401955012485,46.724374117027125,16.256123935169313,11.378339154467824,51.10895986867291,0.051754275065122125,3365.0176545800477,0.2501724557842759,3.716287619308785,2.0846268126275764,11.532397575357388,11.548762166940293,0.016364591582905423,1.0,0.0,0.0,0.9393964971901423,4.776889815507361,2.762803921300951,0.08653846153846154,0.6826923076923077,0.0,0.0,1.0,11.0,0.5564183737885979,0.0,0.0,1.0571928465049825,0.0,0.17196739930127822,0.7109933294865523,0.08695652173913043,1.0,0.0786266873806753,0.0,0.0,0.6473837523312373,0.3562043471184524,0.6437956528814249,0.8050275656882654,0.44428349196191286,0.5867056865992522,0.0,0.6999417076817394,10.404913385826772,208.0,jump_in_place,unknown,dataset/2.原地向上跳跃/IMG_1278.MOV
423.11068562365267,1.2878024004899369,40.32268411737856,42.58970290150039,0.12272828639158033,0.1296283064840643,45.655594655111216,59.04547269442818,12.480941610733323,11.804047159932267,41.205485381609854,0.037987664015116995,4168.63449798493,0.10149862882634098,2.7961643980126554,2.5772391850304364,14.083998714310745,14.090890007416112,0.006891293105366319,1.0,0.0,0.0,0.9179616194477214,5.516723262004567,3.1885909425958676,0.005970149253731343,0.8208955223880597,0.0,0.0,1.0,13.0,0.6801228455055908,1.0,0.079339981706107,0.7757334659373446,0.059671805072103436,0.1266951969915046,0.5665468574623346,0.25748502994011974,1.0,0.03316080977022458,0.0,0.0,0.5882704169459884,0.10639456806076113,0.8936054319391374,0.6390873014204136,0.40736136797063993,0.556773136487415,0.0,0.9457657537892333,16.758333333333333,335.0,wheelbarrow_walk,unknown,dataset/3.小推车/IMG_1282.MOV
48.781942161415415,0.14206863618293963,7.538059424757387,33.57242348580341,0.021953242829029742,0.09777364751493513,7.22489402056175,43.15185588061181,9.05577403646235,9.629092602289019,36.725105614705875,0.026373313770165625,2644.286018647006,0.018448058121328163,3.0817696498914264,1.7060390351016614,7.34753392823229,7.361264888727361,0.013730960495071423,1.0,0.0,0.0,0.5573367843286108,2.587222236417388,2.1136194650452955,0.04778156996587031,1.0,0.0,0.0,1.0,11.0,0.4265204465567209,4.0,0.08912606108381678,0.7505124875024298,0.27291363181906536,0.07784516992752136,0.77428505149498,0.2910958904109589,1.0,0.019849663378543998,0.0,0.0,0.5936908799789998,0.017852775842517044,0.9821472241572871,0.40332373164738233,0.38788591268696826,0.5807674841065597,0.0,1.0633097240374096,14.656651532349603,293.0,wheelbarrow_walk,unknown,dataset/3.小推车/IMG_1283.MOV
1174.2733404768403,3.223921977865614,390.8184059691664,74.07604762197286,1.0729767975885094,0.20337291985605477,381.3107303523133,116.17101485229524,58.36595585563488,127.33769517506484,427.30645225274515,0.16024147134746833,8463.063599067058,0.13875274913522906,59.88825782006909,14.694539745677908,86.59492654266761,98.3234723167517,11.728545774084093,0.02054794520547945,0.9794520547945206,0.3904109589041096,7.085763713493995,61.860776515558754,55.5381720676288,0.9931506849315068,0.9863013698630136,0.2465753424657534,0.0,0.910958904109589,6.0,-0.004752823615688352,6.0,0.0,0.8215435287072386,0.8215435287072386,0.3349492989380538,0.01492744024320294,0.034482758620689655,1.0,0.06729247161967146,4.0,10.0,0.5950417183627206,0.8384333684533716,0.161566631546625,0.6238328458979645,0.04687303228422781,0.2796164466466289,0.03424657534246575,2.181711809333009,7.303325740318907,146.0,wheelbarrow_walk,unknown,dataset/3.小推车/IMG_1286.MOV
414.34664150280486,1.2054054363339008,199.96938684580536,20.16007051002203,0.5817452390347392,0.0586491023591193,196.74650215295526,57.141846382142816,9.540560387932626,37.81526094643689,468.0771274330829,0.027755126276818167,2843.0869956039223,0.14573829156247478,54.539852934674514,15.333140984823741,88.9999571143397,89.04528396518762,0.04532685084792376,0.07692307692307693,0.9163879598662207,0.29431438127090304,1.8466525409568646,28.773551442357856,21.54104956670548,0.9364548494983278,1.0,0.0033444816053511705,0.0,0.9866220735785953,1.0,0.08715627116789901,1.0,0.0,0.06685981724983285,0.06685981724983285,0.12137017609483887,0.2569123008304043,0.18791946308724833,1.0,0.08945228169884786,1.0,1.0,0.4972030218223001,0.8722948654754774,0.1277051345245005,0.5491304446483302,0.09408002367800564,0.32657261399088866,0.0033444816053511705,3.963630999561744,14.956666666666667,299.0,wheelbarrow_walk,unknown,dataset/3.小推车/IMG_1287.MOV
1845.8040210626657,4.76013745724505,476.4528819908707,11.538968391209314,1.2287226511032183,0.029757804745348594,483.32034025796867,12.279589348763022,19.137341894333964,20.36871451410007,65.59423876478517,0.049353223280377334,2105.107608376736,0.8768216948709708,10.726601801221397,7.117518523607294,30.86246910656607,31.03845419939091,0.1759850928248374,0.9369369369369369,0.0,0.0,1.5472653829227678,8.456926499492617,7.801540444451556,0.3963963963963964,1.0,0.0,0.0,1.0,8.0,0.12795253851379754,0.0,0.0,1.4409007657319737,0.0,0.03542258574002085,0.8885533923734016,0.11818181818181818,1.0,0.03847922670273246,2.0,0.0,0.5867975808562785,0.9419168854400071,0.05808311455987661,0.1715181789017966,0.10229846181275412,0.6138420993687714,0.0,1.064343972946799,5.552082551594746,111.0,run_straight,unknown,dataset/4.直线加速跑/IMG_1299.MOV
1846.2126158183876,5.244529807714492,475.06178218993375,15.754442966498159,1.3495063655475334,0.044753591776920953,473.8154001293799,17.387256360608685,22.460116478306084,25.022478729431224,88.4214376478414,0.0638023753851344,2223.5515313523024,0.830299001298869,4.542169124480045,2.5088639611443546,12.83713299378334,12.871559578663769,0.03442658488042907,1.0,0.0,0.0,1.4355088158971698,5.0021372492346865,3.485557325382149,0.22,0.96,0.0,0.0,1.0,4.0,0.014437384800115461,0.0,0.0,0.7996089931573802,0.0,0.04786992946704749,0.8483794687652986,0.050505050505050504,1.0,0.043450465829480894,0.0,0.0,0.5712216230473764,0.9446830113971814,0.05531698860272927,0.29229144637246585,0.22759072618756754,0.6381934598432915,0.0,1.1140849933908064,5.002444987775061,100.0,run_straight,unknown,dataset/4.直线加速跑/IMG_1300.MOV
1520.5035875003257,4.034108125465514,422.53547347962024,17.220222392290097,1.1210455541665658,0.04568765220032458,433.5665199568502,17.755384673020682,21.028566035343342,28.089395074653343,91.68352517562667,0.055791719143213486,1598.171018686094,0.951402302833885,5.260287573479958,2.8240686808965556,13.063272713369464,13.098011260859835,0.034738547490369594,1.0,0.0,0.0,1.103031180729501,6.047166500907748,3.732498706404807,0.42857142857142855,0.974025974025974,0.0,0.0,1.0,3.0,0.0,0.0,0.0,0.7788172469684639,0.0,0.04318169044731905,0.8674490113691784,0.40789473684210525,1.0,0.06729769973868992,0.0,0.0,0.5531122343847998,0.9811253675164618,0.01887463248343127,0.17031474696711868,0.10686892791817146,0.5946875619975551,0.0,1.3357732055569038,3.85199481865285,77.0,run_straight,unknown,dataset/4.直线加速跑/IMG_1301.MOV
1773.6681457923983,4.953767564056789,483.77925446163266,20.517957898554133,1.3511715732172354,0.05730564342583453,478.4318417902899,17.30281678415042,28.049539591547255,25.697951427122014,82.92241289330207,0.078340979255314,1879.3191526336661,0.9437822965337158,7.2608945524894715,4.940220472776813,19.206041621175775,19.321307027612047,0.11526540643627349,1.0,0.0,0.0,1.682801011291096,6.720059131021879,4.431019720561517,0.23529411764705882,0.9264705882352942,0.0,0.0,1.0,3.0,0.10561503119524732,0.0,0.0,0.88207112931407,0.0,0.03801821813715833,0.8663640288036765,0.07462686567164178,1.0,0.08050468257058664,0.0,0.0,0.6218617552761864,0.977026148823136,0.022973851176760873,0.1927060928256212,0.1941927127748767,0.5861560899730782,0.0,0.9161630384016882,3.4010862619808306,68.0,run_straight,unknown,dataset/4.直线加速跑/IMG_1302.MOV
306.8717849683697,1.2817851026744276,231.66494853120858,101.16170299976922,0.9676506423350333,0.42254638652961984,265.40546328382317,132.30848408657863,26.609583583354105,29.225317721602913,242.16026405153286,0.11114664005043313,1942.4996015848496,0.15797778528139653,23.18201364320385,36.648381537221354,150.72357289166342,150.72669505177018,0.0031221601067673195,0.8108108108108109,0.17567567567567569,0.16216216216216217,3.8942676142495025,18.951389433570128,13.711609289321775,0.04054054054054054,0.7567567567567568,0.2702702702702703,0.10810810810810811,0.972972972972973,1.0,0.0,0.0,0.16780987831238817,0.27016595908915475,0.0,0.3354584235841485,0.08459323717230534,0.0136986301369863,1.0,0.10935236786226118,1.0,1.0,0.6069088610265633,0.8508863935839704,0.14911360641594187,1.1176081204105228,0.4249585780122363,0.7113889596864233,0.04054054054054054,1.098300453258581,3.7014285714285715,74.0,forward_roll,unknown,dataset/5.前滚翻/IMG_1308.MOV
1372.8900782872797,6.569898664499343,375.90428093704713,75.3947273768765,1.7988716448361661,0.36079779913740706,371.58345956392543,133.84417555740504,28.078374588145284,20.984792125825113,145.8555295793855,0.13436769529145573,2162.034843287187,0.6349990531142038,35.93199290871765,44.45033507716417,173.7967959591133,174.60825300486084,0.8114570457475316,0.6410256410256411,0.3076923076923077,0.2692307692307692,8.030244111445056,152.95918046854186,86.72913765510884,0.3333333333333333,0.8461538461538461,0.2564102564102564,0.10256410256410256,0.7948717948717948,2.0,-0.009672833737163074,0.0,0.0,0.5125207930584903,0.0,0.6779697966925772,0.01073601287206994,0.025974025974025976,1.0,0.19835678428293113,4.0,6.0,0.8092405278595959,0.6320160937363813,0.36798390626351307,1.2670726686127238,0.5076145939163883,0.8977850986769108,0.1794871794871795,0.7473649178827916,3.902280701754386,78.0,forward_roll,unknown,dataset/5.前滚翻/IMG_1309.MOV
389.2471610814235,3.4274997993170615,79.72935218270423,28.59454862362153,0.7020535174789224,0.25178811682719837,79.68282640690464,40.32524250586467,14.312715589494026,18.50962994749702,111.28798064534178,0.12603002594644783,858.7629353696416,0.453264975757108,24.661286436694823,25.42545574076245,125.24302046204674,126.01096594680828,0.7679454847615461,0.6229508196721312,0.16393442622950818,0.09836065573770492,8.014916526287639,112.5660420993749,64.4389094721763,0.21311475409836064,0.8360655737704918,0.14754098360655737,0.09836065573770492,0.9672131147540983,2.0,-0.1472710418942086,1.0,0.0,0.6554066914375088,0.3277033457187544,0.4126023079371013,0.02929330604300432,0.08333333333333333,1.0,0.6404783893611513,5.0,3.0,0.6269536523001156,0.7552598940991154,0.24474010590058018,1.0504217848186985,0.8371054634403033,1.089193449653002,0.03278688524590164,1.293229773122255,3.051540404040404,61.0,forward_roll,unknown,dataset/5.前滚翻/IMG_1310.MOV
137.4389930074683,0.43516121646513495,179.38662424062503,58.795343858389714,0.5679763792934851,0.18615862060712626,85.76699086148385,146.6768741701627,29.31741584527495,72.69371036300302,511.59795930015827,0.09282520239471505,2902.42416868222,0.04735317273418012,71.063005719231,43.89012738343196,177.5507057714195,177.61619179300789,0.06548602158837319,0.17,0.77,0.67,19.04617851195208,155.56652963016305,99.92051623214189,0.77,0.73,0.36,0.13,0.53,4.0,0.0,3.0,0.1427181366078299,0.7995418098510881,0.5996563573883161,0.46624595358391874,0.0029176937116380123,0.0707070707070707,1.0,0.11503172204052135,9.0,11.0,0.5868188803333638,0.7497371984977793,0.25026280150220426,0.6831853840682612,0.16426815807045836,0.3080854678541623,0.36,2.4795401723622095,5.002865329512894,100.0,forward_roll,unknown,dataset/5.前滚翻/IMG_1311.MOV
107.2577426591367,1.1204667098177594,27.122395346992175,15.886005427606806,0.2833337745452924,0.16595296332298304,41.59836099180844,31.530559525180635,6.4314794577855805,6.024949349043034,32.04269268991672,0.06718637227176116,1556.4180287841104,0.06891319727446715,45.77673418325074,12.166529915861512,61.00434398254396,79.46032986390873,18.455985881364764,0.00823045267489712,0.7160493827160493,0.13168724279835392,2.1157299382410155,15.560543701528509,8.605836153685793,0.16872427983539096,0.9835390946502057,0.0411522633744856,0.0,1.0,9.0,-0.006288731549194372,1.0,0.01292532133625375,0.7404360345536817,0.08227067050596462,0.1674045174250792,0.5829138967519836,0.256198347107438,1.0,0.7409037072724499,6.0,11.0,3.9634289458922956,0.5661238424802236,0.4338761575192443,0.9240155727196506,1.1564268146153687,1.498051151779368,0.0,0.9367905750490534,12.155,243.0,head_up_prone,unknown,dataset/6.抬头向上/IMG_1321.MOV
48.095007029496784,1.342449963970248,6.768620635218016,10.875652512309337,0.18892885330703685,0.3035662166417479,17.095126546568103,14.83798445842138,3.9122157947204785,3.6541836622578137,22.507697826412482,0.10919956721173377,727.672137818009,0.06609433635004087,67.95789852377604,4.6615781924705955,33.474236289512284,91.5396918044683,58.06545551495602,0.0,1.0,0.9893048128342246,0.7772719029429405,10.467634809092104,6.027033458857928,0.7967914438502673,1.0,0.983957219251337,0.0,0.983957219251337,1.0,0.023552885118361483,1.0,0.013855315388523548,0.10689481037107908,0.10689481037107908,0.22487733723824288,0.07898592449301158,0.3548387096774194,1.0,0.9130200160006254,0.0,0.0,13.125476567604494,0.7268949279793404,0.27310507201878365,2.193332628549357,2.2669861558566367,3.037560872672295,0.0,0.9340445018009171,9.354991103202845,187.0,head_up_prone,unknown,dataset/6.抬头向上/IMG_1324.MOV
878.0938774436707,8.531528008790442,122.70084715216514,24.536591591339313,1.1921569448002047,0.23839662680621768,130.18642140190852,61.27639473263251,14.453458086369814,18.935976738107808,94.22935866475821,0.14042927032668331,4654.01350381108,0.18867454439584605,37.482169706336244,20.61054918321755,84.05432598356516,84.1714253047019,0.11709932113673657,0.21981424148606812,0.3498452012383901,0.13622291021671826,4.331508796297366,38.32325410678918,23.39736629874945,0.5263157894736842,0.8823529411764706,0.09597523219814241,0.006191950464396285,0.37770897832817335,6.0,0.29678292254090854,0.0,0.0,0.3713269935784248,0.0,0.676690740269354,0.2826239979989853,0.13043478260869565,1.0,0.3223211980434266,47.0,14.0,1.7687250480114536,0.8404472866097235,0.15955271339022176,2.0573955831404054,0.41472118486789333,0.7360319571840295,0.0,1.3101346827762859,16.158265097236438,323.0,head_up_prone,unknown,dataset/6.抬头向上/IMG_1325.MOV
63.30313751748732,0.5060350725788759,32.2769570752482,13.260142031110094,0.25801678963679264,0.10599943696732808,50.78991439964271,21.366582705585405,5.189380067866114,4.677607450678456,35.09498336439668,0.04148306738440213,1344.0494375773237,0.04709881626943166,48.69321432437348,14.271503366101946,45.77780853564486,77.60640021188733,31.828591676242475,0.0,0.6615384615384615,0.23846153846153847,1.3063866255659367,10.077156689957953,5.062544350917557,0.16153846153846155,0.8884615384615384,0.18461538461538463,0.0,1.0,7.0,-0.08024948610839598,3.0,0.1070411239934176,0.5381855458739109,0.2306509482316761,0.23259071864899356,0.3506735652928374,0.18146718146718147,1.0,0.17698501459701765,0.0,6.0,2.7518075264894506,0.6050368701982095,0.39496312980099935,0.6286643814311087,0.1561816003330691,0.8669661609468045,0.0,0.9013807777598553,13.006666666666666,260.0,head_up_prone,unknown,dataset/6.抬头向上/IMG_1326.MOV
